Feature,VIF
trestbps,57.95308504624947
thalach,42.59837215787455
age,38.699830482964714
chol,26.185961432134857
thal,16.72406835016898
slope,9.854424253656584
sex,3.6137246284512607
oldpeak,3.1172894665140176
cp,2.3765533211937466
exang,2.0738786716187696
restecg,2.0523656971192272
ca,1.8307046317263644
fbs,1.2720286535835195
