Feature_Set,Num_Features,Mean_Accuracy,Std,CI_95_Lower,CI_95_Upper,CI_Width
Top8_ML_Borda,8,1.0,0.0,1.0,1.0,0.0
All_13,13,0.9960975609756098,0.007804878048780495,0.9852626532480085,1.0069324687032108,0.0216698154552023
Top_Stats_Effect,7,0.9960975609756098,0.007804878048780495,0.9852626532480085,1.0069324687032108,0.0216698154552023
Top_Agreement,5,0.9892682926829268,0.007169238271560528,0.9793157944293913,0.9992207909364623,0.019904996507071004
Top3_Paper,3,0.846829268292683,0.025922595620656422,0.8108429364301863,0.8828156001551797,0.07197266372499334
