Method,Spearman_r,P_value,Agreement
Decision Tree,0.9393975039625642,1.905661558251147e-06,High
Random Forest,0.9931233604247167,1.3394542375743134e-11,High
XGBoost,0.9725274725274725,2.6191330438273957e-08,High
